{
  "metadata": {
    "name": "百变陌域模板文件",
    "type": "sandbox_1_rift_unknown",
    "backgroundSize": 120,
    "backgroundType": "dungeon"
  },
  "nodes": [
    {
      "preset": "base",
      "x": 0,
      "y": 0,
      "name": "驻扎地",
      "type": "base",
      "weather": "normal",
      "resources": [],
      "size": "small",
      "border": "square",
      "note": "最初的落脚点。或许不够豪华，但能够安心休息。只要守住这里，不管失败几次都能东山再起，重新再来。",
      "mainResources": [],
      "regularResources": [],
      "nodeId": -1
    }
  ],
  "adjancyList": {}
}