{
  "metadata": {
    "name": "陌域-歼灭战",
    "type": "dungeon_theif_cap",
    "backgroundSize": 140,
    "backgroundType": "dungeon"
  },
  "nodes": [
    {
      "preset": "normal",
      "x": -8.361109685466099,
      "y": -11.760989719759145,
      "name": "不速之客",
      "type": "nest",
      "weather": "thunder",
      "resources": [],
      "size": "small",
      "border": "square",
      "note": "在萨尔贡总能遇到意料之外的来客，大多数时候，他们往往不是那么友善，甚至比王酋的手下们更不友善一些。",
      "mainResources": [],
      "regularResources": [],
      "nodeId": 2
    },
    {
      "preset": "normal",
      "x": -15.475502278567308,
      "y": 3.9011161993888663,
      "name": "寻觅道路",
      "type": "battle",
      "weather": "thunder_storm",
      "resources": [],
      "size": "small",
      "border": "square",
      "note": "这里人来人往，安定得就像什么事都没有发生一样。",
      "mainResources": [],
      "regularResources": [],
      "nodeId": 3
    },
    {
      "preset": "normal",
      "x": -26.640555982726163,
      "y": -15.24219368292752,
      "name": "苦难河床",
      "type": "battle",
      "weather": "normal",
      "resources": [],
      "size": "small",
      "border": "square",
      "note": "森严的守卫不过是临时的枷锁，干涸的河床只是遥远的历史，唯有真实的反抗，才能为人们带来切实的自由。",
      "mainResources": [],
      "regularResources": [],
      "nodeId": 4
    },
    {
      "preset": "normal",
      "x": -4.968493213402386,
      "y": 16.17430232697442,
      "name": "征税的选择",
      "type": "nest",
      "weather": "thunder_storm",
      "resources": [],
      "size": "small",
      "border": "square",
      "note": "当部落民为王酋的征税而感 到万分苦恼时，一部分部落民则会选择成为王酋大人的征税部队。当然，怎么选择都是为了生活。",
      "mainResources": [],
      "regularResources": [],
      "nodeId": 5
    },
    {
      "preset": "normal",
      "x": -14.44210612380224,
      "y": 27.98998782130763,
      "name": "被限制的怒火",
      "type": "battle",
      "weather": "thunder_storm",
      "resources": [],
      "size": "small",
      "border": "square",
      "note": "当王酋的征税终于压垮了一个贫穷的部落时，一些部落民 选择将武器对准同样处在压迫下，但尚有余力的你们。他们的愤怒被限制，止步于此。",
      "mainResources": [],
      "regularResources": [],
      "nodeId": 6
    },
    {
      "preset": "normal",
      "x": 8.027684009279698,
      "y": 26.969120358849455,
      "name": "丢失的订单",
      "type": "battle",
      "weather": "thunder",
      "resources": [],
      "size": "small",
      "border": "square",
      "note": "丢失了黑市订单中的大批施术单元可不是件小事，不想被买家发现事情真相，这群莱塔 尼亚人决定先下手为强。",
      "mainResources": [],
      "regularResources": [],
      "nodeId": 7
    },
    {
      "preset": "normal",
      "x": 22.5275748804751,
      "y": 19.885840335564385,
      "name": "风啸峡谷",
      "type": "encounter",
      "weather": "thunder_storm",
      "resources": [],
      "size": "small",
      "border": "square",
      "note": "一片土地可以成为战场，也可以成为安居乐业的乐土，这取决于生活在上面的人们做何决定。",
      "mainResources": [],
      "regularResources": [],
      "nodeId": 8
    },
    {
      "preset": "normal",
      "x": 16.3609546249093,
      "y": 3.7038291603220506,
      "name": "囚笼",
      "type": "battle",
      "weather": "thunder_storm",
      "resources": [],
      "size": "small",
      "border": "square",
      "note": "杂耍艺人们精心布置的囚笼，但是否为囚笼，还要看 钥匙在谁的手中。",
      "mainResources": [],
      "regularResources": [],
      "nodeId": 9
    },
    {
      "preset": "normal",
      "x": 28.392333611544842,
      "y": 31.912296452010004,
      "name": "失落的“长生军”",
      "type": "cave",
      "weather": "thunder_storm",
      "resources": [],
      "size": "large",
      "border": "square",
      "note": "战士手捧黄沙，孑然独行，没有人能给予他答案，他也以沉默回应众人。\n",
      "mainResources": [],
      "regularResources": [],
      "nodeId": 10
    },
    {
      "preset": "normal",
      "x": 37.625874459887584,
      "y": 38.83745208826715,
      "name": "征税的选择",
      "type": "nest",
      "weather": "thunder_storm",
      "resources": [],
      "size": "small",
      "border": "square",
      "note": "当部落民为王酋的征税而感 到万分苦恼时，一部分部落民则会选择成为王酋大人的征税部队。当然，怎么选择都是为了生活。",
      "mainResources": [],
      "regularResources": [],
      "nodeId": 11
    },
    {
      "preset": "normal",
      "x": -24.691387029972446,
      "y": 33.58350067355812,
      "name": "征税的选择",
      "type": "nest",
      "weather": "thunder_storm",
      "resources": [],
      "size": "small",
      "border": "square",
      "note": "当部落民为王酋的征税而感 到万分苦恼时，一部分部落民则会选择成为王酋大人的征税部队。当然，怎么选择都是为了生活。",
      "mainResources": [],
      "regularResources": [],
      "nodeId": 12
    },
    {
      "preset": "normal",
      "x": 1.4956181153804828,
      "y": -27.576193161584776,
      "name": "风啸峡谷",
      "type": "encounter",
      "weather": "thunder_storm",
      "resources": [],
      "size": "small",
      "border": "square",
      "note": "一片土地可以成为战场，也可以成为安居乐业的乐土，这取决于生活在上面的人们做何决定。",
      "mainResources": [],
      "regularResources": [],
      "nodeId": 13
    },
    {
      "preset": "normal",
      "x": 16.06284825034959,
      "y": -14.369326930270205,
      "name": "不尽烈火",
      "type": "battle",
      "weather": "thunder_storm",
      "resources": [],
      "size": "small",
      "border": "square",
      "note": "火焰灼烧身体，意志重铸灵魂。",
      "mainResources": [],
      "regularResources": [],
      "nodeId": 14
    },
    {
      "preset": "normal",
      "x": 28.231114780343226,
      "y": -28.994646086036468,
      "name": "征税的选择",
      "type": "nest",
      "weather": "thunder_storm",
      "resources": [],
      "size": "small",
      "border": "square",
      "note": "当部落民为王酋的征税而感 到万分苦恼时，一部分部落民则会选择成为王酋大人的征税部队。当然，怎么选择都是为了生活。",
      "mainResources": [],
      "regularResources": [],
      "nodeId": 15
    },
    {
      "preset": "normal",
      "x": -37.36605364583352,
      "y": -23.86693117340805,
      "name": "征税的选择",
      "type": "nest",
      "weather": "normal",
      "resources": [],
      "size": "small",
      "border": "square",
      "note": "当部落民为王酋的征税而感 到万分苦恼时，一部分部落民则会选择成为王酋大人的征税部队。当然，怎么选择都是为了生活。",
      "mainResources": [],
      "regularResources": [],
      "nodeId": 16
    },
    {
      "preset": "base",
      "nodeId": -1,
      "name": "驻扎地",
      "x": 0.4155093381754309,
      "y": 0.13850311272514482,
      "type": "collect",
      "weather": "normal",
      "size": "small",
      "border": "square",
      "note": "",
      "mainResources": [],
      "regularResources": [],
      "resources": []
    }
  ],
  "adjancyList": {
    "2": [
      -1,
      3,
      4
    ],
    "3": [
      2,
      -1,
      5,
      6,
      4
    ],
    "4": [
      2,
      3,
      16,
      13
    ],
    "5": [
      3,
      -1,
      6,
      7,
      8
    ],
    "6": [
      3,
      5,
      7,
      12
    ],
    "7": [
      5,
      6,
      8,
      10
    ],
    "8": [
      5,
      7,
      10,
      9
    ],
    "9": [
      8,
      14,
      -1
    ],
    "10": [
      7,
      8,
      11
    ],
    "11": [
      10
    ],
    "12": [
      6
    ],
    "13": [
      4,
      14
    ],
    "14": [
      9,
      13,
      15
    ],
    "15": [
      14
    ],
    "16": [
      4
    ],
    "-1": [
      2,
      3,
      5,
      9
    ]
  }
}