{
  "metadata": {
    "name": "百变陌域模板-丘陵-基地中置-双环形",
    "type": "sandbox_1_rift_unknown",
    "backgroundSize": 120,
    "backgroundType": "dungeon"
  },
  "nodes": [
    {
      "preset": "normal",
      "x": -18.201981181207074,
      "y": 0.12863241583186635,
      "name": "未知",
      "type": "unknown",
      "weather": "normal",
      "resources": [],
      "size": "small",
      "border": "square",
      "note": "该节点仅用于标识位置，节点类型完全随机。",
      "mainResources": [],
      "regularResources": [],
      "nodeId": 1
    },
    {
      "preset": "normal",
      "x": -28.91524004649925,
      "y": -9.129967863423033,
      "name": "未知",
      "type": "unknown",
      "weather": "normal",
      "resources": [],
      "size": "small",
      "border": "square",
      "note": "该节点仅用于标识位置，节点类型完全随机。",
      "mainResources": [],
      "regularResources": [],
      "nodeId": 2
    },
    {
      "preset": "normal",
      "x": -34.94736936384768,
      "y": 14.802887057140165,
      "name": "未知",
      "type": "unknown",
      "weather": "normal",
      "resources": [],
      "size": "small",
      "border": "square",
      "note": "该节点仅用于标识位置，节点类型完全随机。",
      "mainResources": [],
      "regularResources": [],
      "nodeId": 4
    },
    {
      "preset": "normal",
      "x": -9.885403517605134,
      "y": 25.561284044831602,
      "name": "未知",
      "type": "unknown",
      "weather": "normal",
      "resources": [],
      "size": "small",
      "border": "square",
      "note": "该节点仅用于标识位置，节点类型完全随机。",
      "mainResources": [],
      "regularResources": [],
      "nodeId": 5
    },
    {
      "preset": "normal",
      "x": 10.76055724007973,
      "y": 16.666198910294444,
      "name": "未知",
      "type": "unknown",
      "weather": "normal",
      "resources": [],
      "size": "small",
      "border": "square",
      "note": "该节点仅用于标识位置，节点类型完全随机。",
      "mainResources": [],
      "regularResources": [],
      "nodeId": 6
    },
    {
      "preset": "normal",
      "x": 18.297971487223794,
      "y": 27.19985235906585,
      "name": "未知",
      "type": "unknown",
      "weather": "normal",
      "resources": [],
      "size": "small",
      "border": "square",
      "note": "该节点仅用于标识位置，节点类型完全随机。",
      "mainResources": [],
      "regularResources": [],
      "nodeId": 7
    },
    {
      "preset": "normal",
      "x": 37.398996407440556,
      "y": 13.295429806851908,
      "name": "未知",
      "type": "unknown",
      "weather": "normal",
      "resources": [],
      "size": "small",
      "border": "square",
      "note": "该节点仅用于标识位置，节点类型完全随机。",
      "mainResources": [],
      "regularResources": [],
      "nodeId": 8
    },
    {
      "preset": "normal",
      "x": 19.421561188412994,
      "y": -19.382304002736337,
      "name": "未知",
      "type": "unknown",
      "weather": "normal",
      "resources": [],
      "size": "small",
      "border": "square",
      "note": "该节点仅用于标识位置，节点类型完全随机。",
      "mainResources": [],
      "regularResources": [],
      "nodeId": 9
    },
    {
      "preset": "normal",
      "x": 22.183719203838237,
      "y": -0.8430739330992392,
      "name": "未知",
      "type": "unknown",
      "weather": "normal",
      "resources": [],
      "size": "small",
      "border": "square",
      "note": "该节点仅用于标识位置，节点类型完全随机。",
      "mainResources": [],
      "regularResources": [],
      "nodeId": 10
    },
    {
      "preset": "normal",
      "x": -18.078245088776473,
      "y": -27.6687780490066,
      "name": "未知",
      "type": "unknown",
      "weather": "normal",
      "resources": [],
      "size": "small",
      "border": "square",
      "note": "该节点仅用于标识位置，节点类型完全随机。",
      "mainResources": [],
      "regularResources": [],
      "nodeId": 11
    },
    {
      "preset": "normal",
      "x": 22.792330291980477,
      "y": -32.95901289210586,
      "name": "未知",
      "type": "unknown",
      "weather": "normal",
      "resources": [],
      "size": "small",
      "border": "square",
      "note": "该节点仅用于标识位置，节点类型完全随机。",
      "mainResources": [],
      "regularResources": [],
      "nodeId": 12
    },
    {
      "preset": "normal",
      "x": 2.8486114053126688,
      "y": -33.19309598358798,
      "name": "未知",
      "type": "unknown",
      "weather": "normal",
      "resources": [],
      "size": "small",
      "border": "square",
      "note": "该节点仅用于标识位置，节点类型完全随机。",
      "mainResources": [],
      "regularResources": [],
      "nodeId": 13
    },
    {
      "preset": "normal",
      "x": -22.385338947881124,
      "y": -37.35973921301783,
      "name": "未知",
      "type": "unknown",
      "weather": "normal",
      "resources": [],
      "size": "small",
      "border": "square",
      "note": "该节点仅用于标识位置，节点类型完全随机。",
      "mainResources": [],
      "regularResources": [],
      "nodeId": 14
    },
    {
      "preset": "normal",
      "x": -29.68867200106481,
      "y": -27.013350723312925,
      "name": "未知",
      "type": "unknown",
      "weather": "normal",
      "resources": [],
      "size": "small",
      "border": "square",
      "note": "该节点仅用于标识位置，节点类型完全随机。",
      "mainResources": [],
      "regularResources": [],
      "nodeId": 15
    },
    {
      "preset": "normal",
      "x": 43.29784095639393,
      "y": -29.40095655236485,
      "name": "未知",
      "type": "unknown",
      "weather": "normal",
      "resources": [],
      "size": "small",
      "border": "square",
      "note": "该节点仅用于标识位置，节点类型完全随机。",
      "mainResources": [],
      "regularResources": [],
      "nodeId": 16
    },
    {
      "preset": "base",
      "nodeId": -1,
      "name": "驻扎地",
      "x": 0,
      "y": 0,
      "type": "base",
      "weather": "normal",
      "size": "small",
      "border": "square",
      "note": "最初的落脚点。或许不够豪华，但能够安心休息。只要守住这里，不管失败几次都能东山再起，重新再来。",
      "mainResources": [],
      "regularResources": [],
      "resources": []
    }
  ],
  "adjancyList": {
    "1": [
      11,
      2,
      4,
      5,
      -1
    ],
    "2": [
      1
    ],
    "4": [
      1
    ],
    "5": [
      1,
      6
    ],
    "6": [
      -1,
      8,
      5,
      7
    ],
    "7": [
      6
    ],
    "8": [
      16,
      6
    ],
    "9": [
      11,
      -1,
      12,
      16,
      10
    ],
    "10": [
      9
    ],
    "11": [
      15,
      14,
      13,
      1,
      9
    ],
    "12": [
      9
    ],
    "13": [
      11
    ],
    "14": [
      11
    ],
    "15": [
      11
    ],
    "16": [
      9,
      8
    ],
    "-1": [
      1,
      6,
      9
    ]
  }
}