{
  "metadata": {
    "name": "百变陌域模板-丘陵-基地右偏-倒梯形",
    "type": "sandbox_1_rift_unknown",
    "backgroundSize": 140,
    "backgroundType": "dungeon"
  },
  "nodes": [
    {
      "preset": "normal",
      "x": 15.123019759951573,
      "y": -23.22557622120527,
      "name": "未知",
      "type": "unknown",
      "weather": "normal",
      "resources": [],
      "size": "small",
      "border": "square",
      "note": "该节点仅用于标识位置，节点类型完全随机。",
      "mainResources": [],
      "regularResources": [],
      "nodeId": 1
    },
    {
      "preset": "normal",
      "x": -1.6595924059602094,
      "y": -18.74105395454564,
      "name": "未知",
      "type": "unknown",
      "weather": "normal",
      "resources": [],
      "size": "small",
      "border": "square",
      "note": "该节点仅用于标识位置，节点类型完全随机。",
      "mainResources": [],
      "regularResources": [],
      "nodeId": 2
    },
    {
      "preset": "normal",
      "x": -31.58762007872428,
      "y": -24.264245720158282,
      "name": "未知",
      "type": "unknown",
      "weather": "normal",
      "resources": [],
      "size": "small",
      "border": "square",
      "note": "该节点仅用于标识位置，节点类型完全随机。",
      "mainResources": [],
      "regularResources": [],
      "nodeId": 3
    },
    {
      "preset": "normal",
      "x": -32.6169206800108,
      "y": -9.094577036276103,
      "name": "未知",
      "type": "unknown",
      "weather": "normal",
      "resources": [],
      "size": "small",
      "border": "square",
      "note": "该节点仅用于标识位置，节点类型完全随机。",
      "mainResources": [],
      "regularResources": [],
      "nodeId": 4
    },
    {
      "preset": "normal",
      "x": -7.316310212999378,
      "y": 1.9575097630009095,
      "name": "未知",
      "type": "unknown",
      "weather": "normal",
      "resources": [],
      "size": "small",
      "border": "square",
      "note": "该节点仅用于标识位置，节点类型完全随机。",
      "mainResources": [],
      "regularResources": [],
      "nodeId": 5
    },
    {
      "preset": "normal",
      "x": -7.533017797231488,
      "y": 17.99387100133137,
      "name": "未知",
      "type": "unknown",
      "weather": "normal",
      "resources": [],
      "size": "small",
      "border": "square",
      "note": "该节点仅用于标识位置，节点类型完全随机。",
      "mainResources": [],
      "regularResources": [],
      "nodeId": 6
    },
    {
      "preset": "normal",
      "x": -52.824902912988165,
      "y": 15.014141717427375,
      "name": "未知",
      "type": "unknown",
      "weather": "normal",
      "resources": [],
      "size": "small",
      "border": "square",
      "note": "该节点仅用于标识位置，节点类型完全随机。",
      "mainResources": [],
      "regularResources": [],
      "nodeId": 7
    },
    {
      "preset": "normal",
      "x": 12.11724662869711,
      "y": 23.861881636790734,
      "name": "未知",
      "type": "unknown",
      "weather": "normal",
      "resources": [],
      "size": "small",
      "border": "square",
      "note": "该节点仅用于标识位置，节点类型完全随机。",
      "mainResources": [],
      "regularResources": [],
      "nodeId": 8
    },
    {
      "preset": "normal",
      "x": 41.73838987193069,
      "y": 20.497341981100682,
      "name": "未知",
      "type": "unknown",
      "weather": "normal",
      "resources": [],
      "size": "small",
      "border": "square",
      "note": "该节点仅用于标识位置，节点类型完全随机。",
      "mainResources": [],
      "regularResources": [],
      "nodeId": 9
    },
    {
      "preset": "normal",
      "x": -5.150146589998286,
      "y": 38.991558811953894,
      "name": "未知",
      "type": "unknown",
      "weather": "normal",
      "resources": [],
      "size": "small",
      "border": "square",
      "note": "该节点仅用于标识位置，节点类型完全随机。",
      "mainResources": [],
      "regularResources": [],
      "nodeId": 10
    },
    {
      "preset": "normal",
      "x": 23.78028829184249,
      "y": 42.40468317333261,
      "name": "未知",
      "type": "unknown",
      "weather": "normal",
      "resources": [],
      "size": "small",
      "border": "square",
      "note": "该节点仅用于标识位置，节点类型完全随机。",
      "mainResources": [],
      "regularResources": [],
      "nodeId": 11
    },
    {
      "preset": "normal",
      "x": 38.812711109039505,
      "y": -12.91164128452188,
      "name": "未知",
      "type": "unknown",
      "weather": "normal",
      "resources": [],
      "size": "small",
      "border": "square",
      "note": "该节点仅用于标识位置，节点类型完全随机。",
      "mainResources": [],
      "regularResources": [],
      "nodeId": 12
    },
    {
      "preset": "normal",
      "x": 18.691444558303534,
      "y": -37.387018021769855,
      "name": "未知",
      "type": "unknown",
      "weather": "normal",
      "resources": [],
      "size": "small",
      "border": "square",
      "note": "该节点仅用于标识位置，节点类型完全随机。",
      "mainResources": [],
      "regularResources": [],
      "nodeId": 13
    },
    {
      "preset": "normal",
      "x": 6.288827770700777,
      "y": -49.591720668124545,
      "name": "未知",
      "type": "unknown",
      "weather": "normal",
      "resources": [],
      "size": "small",
      "border": "square",
      "note": "该节点仅用于标识位置，节点类型完全随机。",
      "mainResources": [],
      "regularResources": [],
      "nodeId": 14
    },
    {
      "preset": "normal",
      "x": -19.04417669567262,
      "y": -48.008407888975746,
      "name": "未知",
      "type": "unknown",
      "weather": "normal",
      "resources": [],
      "size": "small",
      "border": "square",
      "note": "该节点仅用于标识位置，节点类型完全随机。",
      "mainResources": [],
      "regularResources": [],
      "nodeId": 15
    },
    {
      "preset": "normal",
      "x": 42.70502169111266,
      "y": -49.129921107538955,
      "name": "未知",
      "type": "unknown",
      "weather": "normal",
      "resources": [],
      "size": "small",
      "border": "square",
      "note": "该节点仅用于标识位置，节点类型完全随机。",
      "mainResources": [],
      "regularResources": [],
      "nodeId": 16
    },
    {
      "preset": "base",
      "nodeId": -1,
      "name": "驻扎地",
      "x": 26.4,
      "y": 7.4,
      "type": "base",
      "weather": "normal",
      "size": "small",
      "border": "square",
      "note": "最初的落脚点。或许不够豪华，但能够安心休息。只要守住这里，不管失败几次都能东山再起，重新再来。",
      "mainResources": [],
      "regularResources": [],
      "resources": []
    }
  ],
  "adjancyList": {
    "1": [
      2,
      13,
      -1,
      12,
      16
    ],
    "2": [
      3,
      5,
      15,
      14,
      1
    ],
    "3": [
      4,
      2
    ],
    "4": [
      5,
      3
    ],
    "5": [
      7,
      6,
      -1,
      4,
      2
    ],
    "6": [
      5
    ],
    "7": [
      5
    ],
    "8": [
      10,
      11,
      9,
      -1
    ],
    "9": [
      8
    ],
    "10": [
      8
    ],
    "11": [
      8
    ],
    "12": [
      1
    ],
    "13": [
      1
    ],
    "14": [
      2
    ],
    "15": [
      2
    ],
    "16": [
      1
    ],
    "-1": [
      8,
      5,
      1
    ]
  }
}