{
  "metadata": {
    "name": "百变陌域模板-险关-单线-右单线",
    "type": "sandbox_1_rift_unknown",
    "backgroundSize": 120,
    "backgroundType": "dungeon"
  },
  "nodes": [
    {
      "preset": "normal",
      "x": -5.652564842236476,
      "y": -16.674213086292,
      "name": "未知",
      "type": "unknown",
      "weather": "normal",
      "resources": [],
      "size": "small",
      "border": "square",
      "note": "该节点仅用于标识位置，节点类型完全随机。",
      "mainResources": [],
      "regularResources": [],
      "nodeId": 1
    },
    {
      "preset": "normal",
      "x": -26.2148918824672,
      "y": -20.464132218010313,
      "name": "未知",
      "type": "unknown",
      "weather": "normal",
      "resources": [],
      "size": "small",
      "border": "square",
      "note": "该节点仅用于标识位置，节点类型完全随机。",
      "mainResources": [],
      "regularResources": [],
      "nodeId": 2
    },
    {
      "preset": "normal",
      "x": -46.325713267445835,
      "y": -7.156496174919557,
      "name": "未知",
      "type": "unknown",
      "weather": "normal",
      "resources": [],
      "size": "small",
      "border": "square",
      "note": "该节点仅用于标识位置，节点类型完全随机。",
      "mainResources": [],
      "regularResources": [],
      "nodeId": 3
    },
    {
      "preset": "normal",
      "x": -26.2068874229888,
      "y": 7.438723546774439,
      "name": "未知",
      "type": "unknown",
      "weather": "normal",
      "resources": [],
      "size": "small",
      "border": "square",
      "note": "该节点仅用于标识位置，节点类型完全随机。",
      "mainResources": [],
      "regularResources": [],
      "nodeId": 4
    },
    {
      "preset": "normal",
      "x": -38.94746650672575,
      "y": 19.413255820679403,
      "name": "未知",
      "type": "unknown",
      "weather": "normal",
      "resources": [],
      "size": "small",
      "border": "square",
      "note": "该节点仅用于标识位置，节点类型完全随机。",
      "mainResources": [],
      "regularResources": [],
      "nodeId": 5
    },
    {
      "preset": "normal",
      "x": -6.209016399758168,
      "y": 12.478510231698714,
      "name": "未知",
      "type": "unknown",
      "weather": "normal",
      "resources": [],
      "size": "small",
      "border": "square",
      "note": "该节点仅用于标识位置，节点类型完全随机。",
      "mainResources": [],
      "regularResources": [],
      "nodeId": 6
    },
    {
      "preset": "normal",
      "x": -15.925723882094658,
      "y": 33.887521323775395,
      "name": "未知",
      "type": "unknown",
      "weather": "normal",
      "resources": [],
      "size": "small",
      "border": "square",
      "note": "该节点仅用于标识位置，节点类型完全随机。",
      "mainResources": [],
      "regularResources": [],
      "nodeId": 7
    },
    {
      "preset": "normal",
      "x": 0.2822280181653656,
      "y": 44.088048266295274,
      "name": "未知",
      "type": "unknown",
      "weather": "normal",
      "resources": [],
      "size": "small",
      "border": "square",
      "note": "该节点仅用于标识位置，节点类型完全随机。",
      "mainResources": [],
      "regularResources": [],
      "nodeId": 8
    },
    {
      "preset": "normal",
      "x": 17.175590819791264,
      "y": 30.944286277441236,
      "name": "未知",
      "type": "unknown",
      "weather": "normal",
      "resources": [],
      "size": "small",
      "border": "square",
      "note": "该节点仅用于标识位置，节点类型完全随机。",
      "mainResources": [],
      "regularResources": [],
      "nodeId": 9
    },
    {
      "preset": "normal",
      "x": 33.06099637942913,
      "y": 40.943221730023645,
      "name": "未知",
      "type": "unknown",
      "weather": "normal",
      "resources": [],
      "size": "small",
      "border": "square",
      "note": "该节点仅用于标识位置，节点类型完全随机。",
      "mainResources": [],
      "regularResources": [],
      "nodeId": 10
    },
    {
      "preset": "normal",
      "x": 23.626516948886234,
      "y": 4.979308616544412,
      "name": "未知",
      "type": "unknown",
      "weather": "normal",
      "resources": [],
      "size": "small",
      "border": "square",
      "note": "该节点仅用于标识位置，节点类型完全随机。",
      "mainResources": [],
      "regularResources": [],
      "nodeId": 11
    },
    {
      "preset": "normal",
      "x": 36.40741434335941,
      "y": -15.583018431566028,
      "name": "未知",
      "type": "unknown",
      "weather": "normal",
      "resources": [],
      "size": "small",
      "border": "square",
      "note": "该节点仅用于标识位置，节点类型完全随机。",
      "mainResources": [],
      "regularResources": [],
      "nodeId": 12
    },
    {
      "preset": "normal",
      "x": 7.873726594539853,
      "y": -39.45202549429191,
      "name": "未知",
      "type": "unknown",
      "weather": "normal",
      "resources": [],
      "size": "small",
      "border": "square",
      "note": "该节点仅用于标识位置，节点类型完全随机。",
      "mainResources": [],
      "regularResources": [],
      "nodeId": 13
    },
    {
      "preset": "normal",
      "x": -40.28704037832538,
      "y": -42.10088147231616,
      "name": "未知",
      "type": "unknown",
      "weather": "normal",
      "resources": [],
      "size": "small",
      "border": "square",
      "note": "该节点仅用于标识位置，节点类型完全随机。",
      "mainResources": [],
      "regularResources": [],
      "nodeId": 14
    },
    {
      "preset": "base",
      "nodeId": -1,
      "name": "驻扎地",
      "x": 0,
      "y": 0,
      "type": "base",
      "weather": "normal",
      "size": "small",
      "border": "square",
      "note": "最初的落脚点。或许不够豪华，但能够安心休息。只要守住这里，不管失败几次都能东山再起，重新再来。",
      "mainResources": [],
      "regularResources": [],
      "resources": []
    }
  ],
  "adjancyList": {
    "1": [
      2,
      13,
      4
    ],
    "2": [
      4,
      3,
      14,
      1
    ],
    "3": [
      5,
      4,
      2
    ],
    "4": [
      5,
      6,
      3,
      2,
      1
    ],
    "5": [
      7,
      4,
      3
    ],
    "6": [
      9,
      8,
      7,
      4
    ],
    "7": [
      6,
      5
    ],
    "8": [
      6
    ],
    "9": [
      10,
      6,
      11
    ],
    "10": [
      9
    ],
    "11": [
      -1,
      12,
      9
    ],
    "12": [
      11
    ],
    "13": [
      1
    ],
    "14": [
      2
    ],
    "-1": [
      11
    ]
  }
}